USE auth_db;

DELETE FROM auth_oauth_account;
DELETE FROM sys_user_role;
DELETE FROM sys_role_permission;
DELETE FROM sys_permission;
DELETE FROM sys_role;
DELETE FROM auth_user;

INSERT INTO auth_user (id, username, password, status, deleted, version)
VALUES (20001, 't_user_20001', '$2a$10$m/b9ARBHKAop0eerterQV.x/FCa6zQ4Dg2LHNX/yzTySGWRREwfYu', 1, 0, 0),
       (24001, 't_admin_24001', '$2a$10$m/b9ARBHKAop0eerterQV.x/FCa6zQ4Dg2LHNX/yzTySGWRREwfYu', 1, 0, 0),
       (30001, 't_merchant_30001', '$2a$10$m/b9ARBHKAop0eerterQV.x/FCa6zQ4Dg2LHNX/yzTySGWRREwfYu', 1, 0, 0);

INSERT INTO sys_role (id, role_name, role_code, role_status, deleted, version)
VALUES (26001, 'User', 'ROLE_USER', 1, 0, 0),
       (26002, 'Merchant', 'ROLE_MERCHANT', 1, 0, 0),
       (26003, 'Admin', 'ROLE_ADMIN', 1, 0, 0),
       (26011, 'Super Admin', 'ROLE_SUPER_ADMIN', 1, 0, 0),
       (26012, 'Ops Admin', 'ROLE_OPS_ADMIN', 1, 0, 0);

INSERT INTO sys_permission (id, permission_name, permission_code, http_method, api_path, deleted, version)
VALUES (27001, 'Read', 'read', NULL, NULL, 0, 0),
       (27002, 'Write', 'write', NULL, NULL, 0, 0),
       (27003, 'Delete', 'delete', NULL, NULL, 0, 0),
       (27011, 'Admin Read', 'admin:read', NULL, NULL, 0, 0),
       (27012, 'Admin Write', 'admin:write', NULL, NULL, 0, 0),
       (27021, 'User Read', 'user:read', NULL, NULL, 0, 0),
       (27022, 'User Write', 'user:write', NULL, NULL, 0, 0),
       (27023, 'User Delete', 'user:delete', NULL, NULL, 0, 0),
       (27031, 'Merchant Read', 'merchant:read', NULL, NULL, 0, 0),
       (27032, 'Merchant Write', 'merchant:write', NULL, NULL, 0, 0),
       (27041, 'Product Read', 'product:read', NULL, NULL, 0, 0),
       (27042, 'Product Write', 'product:write', NULL, NULL, 0, 0),
       (27043, 'Product Delete', 'product:delete', NULL, NULL, 0, 0),
       (27051, 'Order Read', 'order:read', NULL, NULL, 0, 0),
       (27052, 'Order Write', 'order:write', NULL, NULL, 0, 0),
       (27053, 'Order Delete', 'order:delete', NULL, NULL, 0, 0),
       (27061, 'Payment Read', 'payment:read', NULL, NULL, 0, 0),
       (27062, 'Payment Write', 'payment:write', NULL, NULL, 0, 0),
       (27071, 'Stock Read', 'stock:read', NULL, NULL, 0, 0),
       (27072, 'Stock Write', 'stock:write', NULL, NULL, 0, 0),
       (27081, 'Search Read', 'search:read', NULL, NULL, 0, 0),
       (27082, 'Search Write', 'search:write', NULL, NULL, 0, 0),
       (27091, 'Log Read', 'log:read', NULL, NULL, 0, 0),
       (27092, 'Log Write', 'log:write', NULL, NULL, 0, 0);

INSERT INTO sys_role_permission (id, role_id, permission_id, deleted, version)
VALUES (29001, 26001, 27001, 0, 0),
       (29002, 26001, 27002, 0, 0),
       (29003, 26001, 27021, 0, 0),
       (29004, 26001, 27022, 0, 0),
       (29005, 26001, 27051, 0, 0),
       (29006, 26001, 27052, 0, 0),
       (29011, 26002, 27001, 0, 0),
       (29012, 26002, 27002, 0, 0),
       (29013, 26002, 27021, 0, 0),
       (29014, 26002, 27022, 0, 0),
       (29015, 26002, 27031, 0, 0),
       (29016, 26002, 27032, 0, 0),
       (29017, 26002, 27041, 0, 0),
       (29018, 26002, 27042, 0, 0),
       (29019, 26002, 27071, 0, 0),
       (29020, 26002, 27072, 0, 0),
       (29021, 26002, 27051, 0, 0),
       (29022, 26002, 27052, 0, 0),
       (29031, 26003, 27001, 0, 0),
       (29032, 26003, 27002, 0, 0),
       (29033, 26003, 27003, 0, 0),
       (29034, 26003, 27011, 0, 0),
       (29035, 26003, 27012, 0, 0),
       (29036, 26003, 27021, 0, 0),
       (29037, 26003, 27022, 0, 0),
       (29038, 26003, 27023, 0, 0),
       (29039, 26003, 27041, 0, 0),
       (29040, 26003, 27042, 0, 0),
       (29041, 26003, 27043, 0, 0),
       (29042, 26003, 27051, 0, 0),
       (29043, 26003, 27052, 0, 0),
       (29044, 26003, 27053, 0, 0),
       (29045, 26003, 27061, 0, 0),
       (29046, 26003, 27062, 0, 0),
       (29047, 26003, 27071, 0, 0),
       (29048, 26003, 27072, 0, 0),
       (29049, 26003, 27081, 0, 0),
       (29050, 26003, 27082, 0, 0),
       (29051, 26003, 27091, 0, 0),
       (29052, 26003, 27092, 0, 0),
       (29101, 26011, 27001, 0, 0),
       (29102, 26011, 27002, 0, 0),
       (29103, 26011, 27003, 0, 0),
       (29104, 26011, 27011, 0, 0),
       (29105, 26011, 27012, 0, 0),
       (29106, 26011, 27021, 0, 0),
       (29107, 26011, 27022, 0, 0),
       (29108, 26011, 27023, 0, 0),
       (29109, 26011, 27041, 0, 0),
       (29110, 26011, 27042, 0, 0),
       (29111, 26011, 27043, 0, 0),
       (29112, 26011, 27051, 0, 0),
       (29113, 26011, 27052, 0, 0),
       (29114, 26011, 27053, 0, 0),
       (29115, 26011, 27061, 0, 0),
       (29116, 26011, 27062, 0, 0),
       (29117, 26011, 27071, 0, 0),
       (29118, 26011, 27072, 0, 0),
       (29119, 26011, 27081, 0, 0),
       (29120, 26011, 27082, 0, 0),
       (29121, 26011, 27091, 0, 0),
       (29122, 26011, 27092, 0, 0),
       (29131, 26012, 27001, 0, 0),
       (29132, 26012, 27002, 0, 0),
       (29133, 26012, 27041, 0, 0),
       (29134, 26012, 27042, 0, 0),
       (29135, 26012, 27051, 0, 0),
       (29136, 26012, 27052, 0, 0),
       (29137, 26012, 27061, 0, 0),
       (29138, 26012, 27062, 0, 0),
       (29139, 26012, 27071, 0, 0),
       (29140, 26012, 27072, 0, 0),
       (29141, 26012, 27081, 0, 0),
       (29142, 26012, 27082, 0, 0);

INSERT INTO sys_user_role (id, user_id, role_id, deleted, version)
VALUES (29201, 24001, 26003, 0, 0),
       (29202, 24001, 26011, 0, 0),
       (29203, 20001, 26001, 0, 0),
       (29204, 30001, 26001, 0, 0),
       (29205, 30001, 26002, 0, 0);
